id,name,email,age,city
1,Alexis Keller,bramos@yahoo.com,32,East Kristen
2,Patrick Herring,zpowell@gmail.com,19,Suttonbury
3,Brandon Jones MD,bowersjames@hotmail.com,48,New Michael
4,Chelsea Delgado,greentroy@gmail.com,29,Tammyview
5,Julie Wallace,john01@simmons.com,78,South Kevinberg
6,Matthew Taylor,kelly06@barber.com,41,Lake Charles
7,Carolyn Rivera,vvega@gmail.com,77,Ashleyton
8,Gregory Johnson,james34@collins.net,75,New Williambury
9,Luis Williams,htucker@taylor-chan.com,56,North Richard
10,Edward Kelly,janetwoods@hotmail.com,64,East Rand